{"stats":{"minecraft:mined":{"minecraft:dark_prismarine":37,"minecraft:spruce_planks":6,"minecraft:granite":1,"minecraft:spruce_fence":9,"minecraft:coal_block":9,"minecraft:spawner":28,"minecraft:glowstone":9,"treechop:chopped_log":4,"minecraft:enchanting_table":3,"minecraft:bookshelf":16,"minecraft:potatoes":3,"minecraft:oak_stairs":1,"minecraft:lantern":6,"minecraft:spruce_wood":19,"minecraft:stone":15,"minecraft:smoker":2,"minecraft:brown_carpet":1,"minecraft:crafting_table":1,"minecraft:emerald_ore":12,"minecraft:oak_wood":24,"minecraft:chest":1,"minecraft:rose_bush":1,"minecraft:cyan_bed":3,"minecraft:oak_planks":8,"minecraft:wall_torch":3,"minecraft:skeleton_skull":1,"supplementaries:urn":6,"minecraft:cyan_wool":18,"minecraft:wheat":1,"minecraft:ice":1,"minecraft:cyan_carpet":15,"minecraft:smooth_quartz":87,"minecraft:cobweb":8,"minecraft:chipped_anvil":1},"minecraft:used":{"fwaystones:waystone":1,"minecraft:stone_sword":1,"minecraft:rose_bush":1,"minecraft:enchanting_table":1,"minecraft:chest":4,"minecraft:spruce_planks":90,"minecraft:shield":1,"minecraft:torch":86,"minecraft:oak_wood":2,"minecraft:spruce_fence":4,"minecraft:wooden_axe":63,"minecraft:lantern":7,"beachparty:rubber_ring_axolotl":1,"minecraft:oak_stairs":1,"minecraft:smooth_quartz":49,"minecraft:diamond_chestplate":1,"minecraft:brown_carpet":1,"minecraft:golden_carrot":24,"minecraft:bow":10,"minecraft:skeleton_skull":1,"minecraft:oak_planks":40,"minecraft:diamond_axe":41,"minecraft:golden_apple":6,"minecraft:crafting_table":6,"bosses_of_mass_destruction:soul_star":2,"minecraft:smoker":2,"minecraft:dark_prismarine":23,"archers:rapid_crossbow":16,"minecraft:diamond_pickaxe":48,"minecraft:iron_pickaxe":176,"minecraft:bread":12,"minecraft:cyan_bed":3,"minecraft:cyan_carpet":4,"minecraft:leather_helmet":1,"minecraft:spruce_sapling":1,"simplyswords:whisperwind":2089,"minecraft:cobblestone":10,"minecraft:cooked_porkchop":43,"beachparty:rubber_ring_pelican":1},"minecraft:killed_by":{"minecraft:wither_skeleton":2,"graveyard:skeleton_creeper":1,"minecraft:skeleton":2},"minecraft:dropped":{"minecraft:wheat_seeds":2,"minecraft:crafting_table":1,"minecraft:cobblestone":6,"comforts:sleeping_bag_cyan":1,"minecraft:iron_pickaxe":1,"minecraft:spruce_sapling":4,"minecraft:oak_planks":27,"minecraft:spider_eye":1,"minecraft:dark_prismarine":6},"minecraft:crafted":{"minecraft:oak_planks":108,"minecraft:cooked_mutton":10,"minecraft:diamond_block":7,"minecraft:diamond":36,"minecraft:diamond_helmet":1,"minecraft:bow":1,"minecraft:diamond_leggings":1,"comforts:sleeping_bag_cyan":1,"minecraft:chest":3,"minecraft:cooked_beef":5,"minecraft:oak_slab":30,"minecraft:emerald":9,"minecraft:cooked_porkchop":6,"minecraft:diamond_axe":1,"minecraft:crafting_table":5,"minecraft:spruce_planks":144,"minecraft:enchanting_table":1,"minecraft:cyan_bed":1,"minecraft:gold_block":9,"minecraft:bucket":1,"minecraft:air":0,"minecraft:diamond_pickaxe":1,"minecraft:emerald_block":13,"minecraft:stick":6,"minecraft:iron_pickaxe":1,"minecraft:wooden_axe":2,"minecraft:gold_ingot":45,"minecraft:torch":92},"minecraft:picked_up":{"minecraft:crafting_table":2,"minecraft:diamond_sword":5,"minecraft:oak_stairs":1,"minecraft:string":122,"immersive_melodies:lute":1,"minecraft:cyan_carpet":4,"croptopia:pear":11,"graveyard:corruption":4,"bosses_of_mass_destruction:soul_star":3,"minecraft:spruce_planks":6,"minecraft:rose_bush":1,"minecraft:cyan_wool":9,"minecraft:smooth_quartz":87,"minecraft:iron_pickaxe":1,"minecraft:coal_block":9,"minecraft:chest":1,"minecraft:egg":1,"minecraft:torch":5,"minecraft:spruce_fence":6,"fwaystones:waystone":1,"minecraft:carrot":1,"minecraft:brown_carpet":1,"minecraft:arrow":33,"minecraft:rotten_flesh":13,"minecraft:skeleton_skull":3,"minecraft:cobblestone":21,"minecraft:enchanting_table":3,"minecraft:smoker":2,"minecraft:potato":12,"minecraft:oak_log":6,"minecraft:chainmail_chestplate":1,"minecraft:wither_skeleton_skull":4,"minecraft:lantern":7,"naturalist:glow_goop":1,"minecraft:bone":112,"minecraft:chipped_anvil":1,"minecraft:apple":3,"minecraft:wheat_seeds":2,"minecraft:spruce_wood":24,"minecraft:glowstone_dust":25,"twigs:twig":1,"minecraft:oak_planks":35,"minecraft:book":48,"minecraft:spruce_sapling":5,"comforts:sleeping_bag_cyan":1,"minecraft:spruce_log":17,"minecraft:cyan_bed":2,"minecraft:spider_eye":39,"minecraft:dark_prismarine":43,"minecraft:oak_wood":23,"minecraft:granite":1,"minecraft:emerald":12,"minecraft:bread":1,"minecraft:oak_sapling":1,"minecraft:coal":21},"minecraft:custom":{"lootr:looted_stat":30,"minecraft:mob_kills":237,"minecraft:interact_with_crafting_table":33,"minecraft:bell_ring":1,"minecraft:damage_dealt_resisted":11698,"minecraft:eat_cake_slice":7,"minecraft:leave_game":5,"minecraft:time_since_death":3945,"minecraft:climb_one_cm":8780,"minecraft:damage_resisted":402,"minecraft:sprint_one_cm":529072,"minecraft:walk_one_cm":594356,"minecraft:damage_blocked_by_shield":90,"minecraft:drop":11,"minecraft:talked_to_villager":3,"minecraft:play_time":197135,"minecraft:deaths":5,"minecraft:sneak_time":4783,"minecraft:walk_under_water_one_cm":179,"minecraft:jump":1446,"minecraft:walk_on_water_one_cm":201,"minecraft:total_world_time":197135,"minecraft:tune_noteblock":3,"minecraft:hex":0,"minecraft:time_since_rest":3974,"minecraft:damage_taken":10244,"minecraft:damage_absorbed":1173,"minecraft:damage_dealt":73542,"minecraft:fly_one_cm":480229,"minecraft:open_chest":190,"minecraft:crouch_one_cm":17418,"minecraft:interact_with_smoker":21,"minecraft:fall_one_cm":30131,"minecraft:horse_one_cm":2936},"minecraft:broken":{"minecraft:leather_helmet":1,"beachparty:rubber_ring_axolotl":1,"minecraft:diamond_chestplate":1,"minecraft:diamond_helmet":1,"minecraft:diamond_leggings":1,"minecraft:chainmail_helmet":2,"minecraft:diamond_boots":2,"beachparty:rubber_ring_pelican":3,"minecraft:iron_pickaxe":1,"minecraft:wooden_axe":1,"immersive_armors:bone_chestplate":1},"minecraft:killed":{"minecraft:cave_spider":42,"graveyard:revenant":3,"minecraft:spider":67,"minecraft:skeleton":25,"mythicmobs:chupacabra":1,"naturalist:firefly":2,"minecraft:zombie":6,"minecraft:wither_skeleton":61}},"DataVersion":3465}