{"stats":{"minecraft:picked_up":{"minecells:putrid_sapling":1,"modern_industrialization:lignite_coal":6,"minecraft:wheat":5,"minecraft:chicken":5,"naturalist:venison":1,"simplyswords:diamond_katana":1,"minecells:small_prison_bricks":1,"botania:blue_mushroom":1,"minecraft:diamond_sword":10,"minecraft:gold_block":1,"minecraft:potion":1,"minecraft:brewing_stand":1,"minecraft:shield":1,"minecraft:string":41,"minecraft:red_bed":5,"minecraft:raw_copper":24,"minecraft:experience_bottle":47,"minecraft:cyan_carpet":56,"graveyard:corruption":1,"minecraft:diamond_leggings":1,"simplyswords:runic_tablet":1,"bosses_of_mass_destruction:soul_star":2,"minecraft:spruce_planks":19,"minecraft:smooth_quartz":14,"minecraft:melon_slice":31,"minecraft:chest":1,"minecraft:egg":2,"minecraft:raw_iron":58,"minecells:guts":28,"minecraft:stick":2,"minecraft:copper_ingot":3,"minecraft:torch":25,"minecells:monsters_eye":9,"minecells:arcane_goo":1,"minecraft:spruce_fence":1,"twigs:bamboo_leaves":8,"minecraft:porkchop":9,"minecells:putrid_fence":13,"minecraft:dark_oak_planks":41,"regions_unexplored:dusktrap":1,"minecraft:arrow":16,"minecraft:rotten_flesh":24,"minecells:cell_infused_steel":2,"minecells:small_crate":1,"minecraft:mutton":9,"minecraft:white_wool":8,"minecraft:cobblestone":33,"minecraft:enchanting_table":1,"minecraft:feather":5,"minecraft:leather":8,"mythicmounts:firebird_feather2":1,"minecraft:oak_log":6,"minecraft:wither_skeleton_skull":2,"minecraft:lapis_lazuli":7,"minecraft:lantern":3,"minecraft:red_carpet":4,"minecraft:bone":88,"minecraft:wheat_seeds":3,"minecraft:raw_gold":8,"minecraft:birch_wood":1,"minecraft:spruce_wood":6,"minecraft:iron_ingot":8,"minecraft:bamboo":106,"twigs:twig":10,"minecraft:oak_planks":22,"minecraft:book":51,"regions_unexplored:silver_birch_sapling":3,"endrem:lost_eye":1,"minecells:prison_cobblestone":2,"patchouli:guide_book":1,"minecells:monster_cell":66,"minecells:infected_flesh":31,"minecraft:spruce_sapling":2,"minecraft:blast_furnace":5,"minecraft:spruce_log":8,"minecells:metal_shards":5,"minecraft:spider_eye":14,"minecraft:dark_prismarine":6,"simplyswords:diamond_greathammer":2,"minecraft:oak_wood":1,"naturalist:antler":1,"minecraft:diamond":82,"minecells:explosive_bulb":6,"regions_unexplored:silver_birch_log":16,"minecraft:iron_helmet":3,"soulsweapons:verglas":1,"minecraft:bread":6,"minecraft:oak_sapling":1,"minecraft:dark_oak_wood":5,"minecells:throwing_knife":4,"minecraft:coal":72},"minecraft:used":{"simplyswords:stormbringer":526,"minecraft:chest":1,"minecraft:spruce_planks":23,"minecraft:shield":47,"minecraft:torch":171,"naturalist:cooked_venison":1,"simplyswords:soulrender":3,"regions_unexplored:silver_birch_sapling":3,"minecraft:dark_oak_planks":25,"minecraft:wooden_axe":105,"minecraft:lantern":2,"minecraft:iron_axe":32,"minecraft:iron_helmet":1,"minecraft:dark_oak_wood":1,"minecraft:iron_boots":2,"minecraft:smooth_quartz":4,"minecraft:golden_carrot":24,"minecraft:furnace":1,"minecraft:iron_leggings":1,"minecraft:water_bucket":17,"minecraft:diamond_boots":2,"simplyswords:diamond_katana":214,"minecraft:birch_planks":5,"minecraft:stone_pickaxe":67,"minecells:small_crate":1,"minecraft:wooden_pickaxe":21,"minecraft:blast_furnace":2,"simplyswords:diamond_warglaive":136,"minecraft:crafting_table":7,"minecraft:red_bed":5,"bosses_of_mass_destruction:soul_star":1,"minecraft:dark_prismarine":1,"minecraft:bread":53,"minecraft:melon_slice":26,"minecraft:iron_pickaxe":143,"twigs:twig":1,"minecraft:diamond_sword":2767,"minecraft:cobblestone":13,"travelersbackpack:standard":6,"minecraft:smithing_table":1,"minecraft:cooked_porkchop":26,"minecraft:bucket":17,"minecraft:stone_sword":387,"minecraft:experience_bottle":59},"minecraft:broken":{"minecraft:stone_sword":3,"minecraft:iron_boots":1,"minecraft:iron_chestplate":1,"minecraft:iron_leggings":1,"minecraft:chainmail_helmet":1,"minecraft:diamond_boots":1,"minecraft:shield":1,"minecraft:iron_helmet":1,"minecraft:wooden_axe":2},"minecraft:custom":{"minecraft:interact_with_smithing_table":5,"lootr:looted_stat":110,"minecraft:mob_kills":322,"minecraft:interact_with_crafting_table":30,"minecraft:open_barrel":2,"minecraft:damage_dealt_resisted":10532,"minecraft:leave_game":11,"minecraft:time_since_death":174191,"minecraft:climb_one_cm":20593,"minecraft:damage_resisted":0,"minecraft:sprint_one_cm":696040,"minecraft:walk_one_cm":816860,"minecraft:damage_blocked_by_shield":3177,"minecraft:drop":108,"minecraft:play_time":313363,"minecraft:sneak_time":22915,"minecraft:deaths":1,"minecraft:walk_under_water_one_cm":9651,"minecraft:jump":3395,"minecraft:interact_with_blast_furnace":18,"minecraft:walk_on_water_one_cm":68044,"minecraft:total_world_time":313363,"minecraft:interact_with_furnace":6,"minecraft:tune_noteblock":1,"minecraft:interact_with_loom":1,"minecraft:sleep_in_bed":9,"minecraft:hex":0,"minecraft:time_since_rest":126554,"minecraft:damage_taken":7694,"minecraft:damage_absorbed":818,"minecraft:damage_dealt":91867,"minecraft:crouch_one_cm":67957,"minecraft:swim_one_cm":20555,"minecraft:open_chest":20,"minecraft:fly_one_cm":567528,"minecraft:threat":6,"minecraft:interact_with_smoker":4,"minecraft:fall_one_cm":82407,"minecraft:horse_one_cm":91667},"minecraft:killed":{"minecraft:cave_spider":4,"minecells:mutated_bat":14,"graveyard:revenant":3,"minecraft:spider":28,"minecells:undead_archer":7,"creeperoverhaul:snowy_creeper":1,"minecraft:skeleton":17,"minecraft:chicken":5,"minecells:leaping_zombie":75,"minecells:protector":6,"minecells:grenadier":11,"minecraft:pig":6,"minecells:runner":10,"minecraft:zombie_villager":1,"minecraft:sheep":8,"minecraft:pillager":1,"tinyskeletons:baby_skeleton":1,"minecraft:zombie":10,"friendsandfoes:moobloom":1,"minecells:shieldbearer":4,"minecraft:wither_skeleton":102,"minecraft:cow":5},"minecraft:crafted":{"minecraft:oak_planks":36,"naturalist:cooked_venison":1,"minecells:cell_infused_steel":1,"minecraft:furnace":1,"travelersbackpack:white_sleeping_bag":1,"minecraft:iron_boots":2,"minecraft:iron_axe":1,"minecraft:stone_pickaxe":1,"minecraft:chest":2,"ironchests:copper_chest_upgrade":1,"travelersbackpack:iron_tier_upgrade":1,"minecraft:diamond_sword":9,"minecraft:cooked_porkchop":9,"minecraft:crafting_table":7,"minecraft:spruce_planks":52,"minecraft:wooden_pickaxe":1,"minecraft:iron_helmet":3,"travelersbackpack:standard":2,"minecraft:smithing_table":1,"minecraft:copper_ingot":24,"minecraft:bone":1,"minecraft:birch_planks":36,"minecraft:bread":9,"minecraft:air":0,"minecraft:iron_chestplate":2,"minecraft:shield":1,"minecraft:stick":46,"minecraft:iron_ingot":25,"minecraft:iron_pickaxe":1,"minecraft:wooden_axe":2,"minecraft:stone_sword":2,"minecraft:iron_leggings":1,"minecraft:gold_ingot":18,"minecraft:torch":148},"minecraft:killed_by":{"mythicmobs:chupacabra":1},"minecraft:dropped":{"minecraft:iron_ingot":8,"minecraft:bread":6,"twigs:bamboo_leaves":8,"minecraft:wheat_seeds":3,"minecells:prison_cobblestone":2,"minecraft:diamond":82,"minecraft:diamond_leggings":2,"minecraft:iron_helmet":6,"minecraft:feather":5,"minecraft:cobblestone":5,"minecraft:book":15,"minecells:cell_infused_steel":2,"minecraft:lantern":1,"minecraft:apple":8,"endrem:lost_eye":1,"minecraft:copper_ingot":6,"techreborn:rubber_sapling":1,"minecells:putrid_sapling":1,"minecraft:red_carpet":4,"minecraft:flint":5,"minecells:infected_flesh":2,"minecraft:torch":5,"minecells:putrid_fence":10,"minecraft:mutton":5,"minecraft:melon_slice":5,"regions_unexplored:dusktrap":1,"minecells:throwing_knife":24,"minecraft:potion":1,"minecraft:gold_nugget":1,"minecraft:iron_pickaxe":1,"minecraft:chainmail_leggings":1,"minecraft:bucket":1,"minecraft:white_wool":2,"minecraft:cyan_carpet":55,"twigs:twig":2,"minecraft:spruce_sapling":2,"minecraft:bone":10,"simplyswords:runic_tablet":1,"botania:blue_mushroom":1,"minecraft:wheat":11,"minecraft:experience_bottle":47,"minecraft:chicken":5,"minecraft:rotten_flesh":21,"minecraft:oak_planks":28,"minecraft:iron_boots":1,"philipsruins:broken_bone":3,"regions_unexplored:silver_birch_log":8,"patchouli:guide_book":1,"minecraft:chainmail_chestplate":1,"minecraft:blast_furnace":2,"minecraft:diamond_sword":1,"minecraft:shield":1,"simplyswords:diamond_katana":1,"minecells:small_prison_bricks":1,"minecraft:spruce_planks":6,"minecraft:golden_leggings":1,"minecraft:oak_sapling":1,"minecraft:chest":1,"modern_industrialization:lignite_coal":6,"simplyswords:diamond_greathammer":2,"minecells:guts":1,"minecraft:spider_eye":16,"minecraft:bamboo":53,"minecells:health_flask":1,"minecraft:diamond_boots":1,"minecraft:spruce_log":1,"minecraft:wooden_pickaxe":1,"minecraft:egg":1},"minecraft:mined":{"minecraft:dark_oak_planks":46,"minecraft:dark_prismarine":6,"minecraft:spruce_planks":17,"minecraft:tuff":6,"minecraft:red_carpet":1,"minecells:small_prison_bricks":1,"minecells:putrid_fence":8,"regions_unexplored:dusktrap":1,"minecraft:brewing_stand":1,"regions_unexplored:dropleaf":2,"minecraft:spruce_fence":1,"minecells:prison_stone":5,"twigs:twig":2,"modern_industrialization:lignite_coal_ore":2,"promenade:blush_sakura_blossom_pile":1,"techreborn:bauxite_ore":1,"frostiful:hot_sun_lichen":2,"minecraft:spawner":5,"minecells:chain_pile_block":1,"minecraft:iron_ore":48,"minecraft:deepslate_lapis_ore":1,"treechop:chopped_log":3,"minecells:crate":1,"minecraft:gold_block":1,"minecraft:enchanting_table":1,"minecraft:bookshelf":18,"minecraft:deepslate_iron_ore":10,"minecraft:vine":3,"minecraft:lantern":2,"minecells:wilted_wall_leaves":2,"minecraft:spruce_wood":6,"minecraft:bamboo":7,"minecraft:stone":31,"modern_industrialization:deepslate_bauxite_ore":1,"minecraft:red_bed":6,"soulsweapons:verglas_ore_deepslate":1,"minecraft:torch":7,"minecraft:dark_oak_wood":5,"minecraft:blast_furnace":3,"minecraft:oak_wood":1,"minecraft:melon":6,"minecraft:copper_ore":6,"minecraft:tall_grass":1,"minecraft:cobblestone":2,"minecraft:birch_wood":1,"minecells:alchemy_equipment_0":1,"minecraft:deepslate_gold_ore":2,"minecraft:lapis_ore":1,"minecells:alchemy_equipment_2":1,"minecraft:wall_torch":6,"minecells:small_crate":1,"supplementaries:urn":6,"minecraft:birch_leaves":2,"minecraft:grass":2,"minecraft:coal_ore":24,"minecraft:cyan_carpet":1,"minecraft:smooth_quartz":17,"minecraft:cracked_stone_bricks":1,"twigs:rhyolite":27,"minecraft:stone_bricks":1,"regions_unexplored:tassel":1,"minecraft:deepslate":15,"minecraft:fern":1}},"DataVersion":3465}