{"stats":{"minecraft:mined":{"minecraft:potatoes":1,"minecraft:beetroots":1,"minecraft:carrots":9},"minecraft:picked_up":{"minecraft:beetroot":1,"minecraft:beetroot_seeds":3,"minecraft:potato":4,"minecraft:bread":1,"minecraft:carrot":37},"minecraft:dropped":{"minecraft:bread":1,"ftbquests:book":1},"minecraft:custom":{"minecraft:time_since_rest":1710,"minecraft:crouch_one_cm":131,"minecraft:sprint_one_cm":5591,"lootr:looted_stat":1,"minecraft:play_time":7719,"minecraft:walk_one_cm":18500,"minecraft:damage_taken":355,"minecraft:deaths":1,"minecraft:sneak_time":129,"minecraft:drop":2,"minecraft:jump":66,"minecraft:damage_dealt":10,"minecraft:leave_game":5,"minecraft:time_since_death":1677,"minecraft:interact_with_smoker":2,"minecraft:total_world_time":7719,"minecraft:hex":0,"minecraft:talked_to_villager":1,"minecraft:fall_one_cm":3227,"minecraft:fly_one_cm":12098}},"DataVersion":3465}